"gene","baseMean","log2FoldChange","lfcSE","stat","pvalue","padj"
"RUNDC3A",379.83664295944,-2.78789656839026,0.307598579119275,-9.06342472833473,1.26417652477005e-19,2.16464946336376e-15
"APLP1",1798.14493018708,-2.49217975605499,0.280503795786278,-8.88465608484611,6.41188087073723e-19,5.48953180748168e-15
"CYP46A1",31.7510495678483,-2.01346855275218,0.235303733780162,-8.55689164130862,1.159514262884e-17,4.50745154239699e-14
"MSI1",118.347046372026,-1.92894695686991,0.225971620604064,-8.53623544281124,1.38665661907289e-17,4.50745154239699e-14
"PART1",43.928893573894,-2.96898064425586,0.348423887634431,-8.52117420654846,1.57943755500683e-17,4.50745154239699e-14
"PDZD4",262.668582098808,-1.65979439444328,0.193445452431798,-8.58016755409882,9.47350438091638e-18,4.50745154239699e-14
"TMEM145",36.026958378486,-2.45341950997524,0.292217253112428,-8.39587493155754,4.62437675645259e-17,1.13118861715339e-13
"REEP2",254.038696519065,-1.94632660254513,0.234638663227476,-8.29499527389576,1.08589522528975e-16,2.32422299282955e-13
"SPTBN4",170.194105187853,-2.16147646168093,0.262931457910135,-8.22068412376764,2.02345570278841e-16,3.84973688876066e-13
"SLC12A5",21.2312714134677,-2.28418756266414,0.278288791380881,-8.20797543203195,2.24949225969247e-16,3.85180559627141e-13
"C6orf58",48.0300790364585,-4.20356986073313,0.519173599505669,-8.09665565571046,5.64906820937503e-16,8.79354499537534e-13
"LOC728392",684.40725856848,-1.65724271469897,0.209632361522315,-7.90547176334965,2.66920772558272e-15,3.80873699042941e-12
"FBLL1",55.8783599938909,-2.0612698807746,0.262575068932166,-7.85021170957823,4.15335550389836e-15,5.47060817640397e-12
"FAM5B",6.91193274783834,-2.35451439043943,0.300695563355358,-7.83022657257131,4.86991544147729e-15,5.95625443602968e-12
"HCN2",52.4915119480144,-1.73158837719553,0.223842458863589,-7.73574587228229,1.02798621352976e-14,1.17348052895134e-11
"CDK5R2",152.537939110721,-2.22018386079269,0.289238635136216,-7.67595884881388,1.64185832747918e-14,1.47966000744347e-11
"MGC42105",29.9266261188511,-1.71034010234931,0.222667436383473,-7.68114157206084,1.57677107007442e-14,1.47966000744347e-11
"PCSK1N",1897.23814423775,-2.44963119270307,0.318700367407798,-7.68631430402026,1.51434218206189e-14,1.47966000744347e-11
"SYP",522.540373840723,-2.11460091800787,0.274761250843186,-7.69613950845905,1.40238694117217e-14,1.47966000744347e-11
"ATP6V0E2-AS1",53.5371456656532,-1.47046503817482,0.192803212599821,-7.62676626777427,2.40715450463046e-14,2.06088532913937e-11
"C7orf51",92.3223380512962,-1.59154294982074,0.208998337877945,-7.61509859829699,2.63490252439603e-14,2.14844932977301e-11
"ATP2B1-AS1",48.1936347426837,-1.21129945898676,0.160664762714401,-7.53929759408403,4.7250956874988e-14,3.677627884411e-11
"CASKIN1",17.5349860315111,-2.16135367837722,0.287399885828425,-7.5203706923792,5.46211517033132e-14,4.01897712032328e-11
"TCEAL2",185.678857346271,-2.24056230328872,0.298092195576697,-7.51634003350563,5.63309296780697e-14,4.01897712032328e-11
"SRRM4",3.71311395518615,-2.80382923117112,0.373631213545254,-7.50426926210628,6.17722138334192e-14,4.23090246987855e-11
"TCEAL5",55.2759995904878,-1.68694402568345,0.226390284670382,-7.45148595108486,9.22947222358359e-14,6.07831741863161e-11
"PEMT",441.664762485527,-1.26816425104855,0.17032033166768,-7.4457596379211,9.63881607480566e-14,6.11279435736657e-11
"TMEM63C",307.81091010647,-2.43241268352388,0.327522523507083,-7.42670353622649,1.11337519558082e-13,6.80868695497512e-11
"DIRAS1",133.634149376005,-1.68599163614916,0.227832041346341,-7.40015155983344,1.36029152644985e-13,7.98850435250603e-11
"SYT3",19.228343369446,-1.67177846480421,0.226026978615589,-7.39636690736575,1.39960947599825e-13,7.98850435250603e-11
"PCDHA1",32.4780013665061,-2.09828415296852,0.285914190287039,-7.33885978468567,2.15421144841243e-13,1.15270508222394e-10
"CAMK2B",283.863097257605,-2.30975534972941,0.314912641723397,-7.3345907521813,2.22400023600078e-13,1.15398654669822e-10
"ACSL6",27.8815895307454,-1.89467875315706,0.258789893013042,-7.32130119572165,2.45577939666988e-13,1.21997049651112e-10
"RND2",52.9517881783331,-1.37127584006542,0.187352036632723,-7.31924704268686,2.4936615883834e-13,1.21997049651112e-10
"GAST",25.183420097373,-4.55584570791793,0.627326182457942,-7.26232354923806,3.80496706331275e-13,1.80485010580602e-10
"JPH3",71.4607876133008,-1.79363474606309,0.247091588265078,-7.25898748175472,3.8999856283842e-13,1.80485010580602e-10
"CELF3",384.59318520122,-2.46713406004599,0.342264737643534,-7.20826246090092,5.66703223332871e-13,2.49515232879471e-10
"SEZ6",48.9250012491312,-2.28570086293571,0.317111483932137,-7.20787791912594,5.68305441937708e-13,2.49515232879471e-10
"LRRC10B",103.098965638059,-1.83169544635612,0.254311074324287,-7.20257838249081,5.90844560018618e-13,2.5292578502997e-10
"MPP2",180.526291366016,-1.5513631652521,0.215623735085939,-7.19476992935767,6.25661740267079e-13,2.61297706794956e-10
"FAM57B",15.4886543701843,-1.94489906048872,0.270742498030234,-7.18357507461401,6.79117161409773e-13,2.76869598924275e-10
"BAI3",35.395776337786,-1.85343601085182,0.258452616270182,-7.17127974016819,7.42999039220521e-13,2.95869129036581e-10
"MAST1",55.6634510750827,-1.7667940508594,0.248409044647054,-7.1124384918017,1.14010351919174e-12,4.43681649070913e-10
"GPR162",151.306237637054,-1.2399018946817,0.174599582685818,-7.10140239517544,1.23497216994358e-12,4.66188790047051e-10
"KHDRBS2",3.77991794120112,-2.49133107779774,0.350918050993456,-7.09946687195124,1.25239060574458e-12,4.66188790047051e-10
"LRRC4B",56.8306328297437,-1.40297098697062,0.19786197115973,-7.09065505992572,1.33478665011003e-12,4.86288336379447e-10
"FAM69B",225.915698903973,-1.1318771804627,0.159906842976285,-7.07835361761576,1.4587710252316e-12,5.20386172188348e-10
"DUSP26",202.842969149906,-2.003022048097,0.283103740543101,-7.07522282911006,1.49208806333017e-12,5.21408651191889e-10
"LRRC16B",46.3868723244872,-1.49807101934786,0.212030403538727,-7.06535946895106,1.60200739701899e-12,5.48623453183125e-10
"TTLL6",78.4058155849528,-1.7718627258323,0.251610667815174,-7.04208108987596,1.89389546671107e-12,6.35866119146933e-10
"NCAM1",541.938763602863,-1.77349658111111,0.252660571900234,-7.01928507393467,2.23006366883678e-12,7.34334234644081e-10
"CACNA1A",219.364015552614,-1.83999664024266,0.262373523678997,-7.0128899228941,2.33445118616817e-12,7.54203918127501e-10
"SLC16A11",48.4712795883235,-1.52752146609032,0.219714887658394,-6.9522893162582,3.59405357333539e-12,1.13964776548559e-09
"PPP1R3F",131.730214943815,-1.06358279597097,0.153258308420398,-6.93980513639425,3.92641159353818e-12,1.22239901302099e-09
"CALY",207.308884880551,-2.478507277914,0.358473198427396,-6.91406579009837,4.70956584043304e-12,1.44003385510241e-09
"IQSEC3",110.529971626034,-1.58535655026119,0.22938507622366,-6.9113325782162,4.80121948613365e-12,1.44230318001871e-09
"LINC00926",148.012108919747,-1.69707580245244,0.245678270899697,-6.90771632443354,4.92517587283548e-12,1.45403080121659e-09
"CELF4",83.1521761907189,-1.93023373643368,0.27953151416243,-6.90524552202033,5.01166729404497e-12,1.454487780948e-09
"CELF5",26.2359356284868,-1.6172398320879,0.234377051325195,-6.90016289113561,5.19429438317617e-12,1.48236504538543e-09
"CHD5",50.6694878878562,-1.81399363153709,0.263132825986909,-6.89383251494186,5.4308961752913e-12,1.52447926572972e-09
"ACTL6B",47.5487581394929,-2.86437781964663,0.415657720030984,-6.891193598986,5.53261814939022e-12,1.52798420277433e-09
"VWA5B2",296.624756132143,-2.25368226197298,0.327785866579744,-6.87547112841944,6.17853200317163e-12,1.67928576968743e-09
"SEPT5",645.907243614512,-1.04276276338987,0.152197535047741,-6.85137747508708,7.31422302989632e-12,1.95689751470179e-09
"INSM1",288.978574232474,-2.24858879854033,0.328604408918071,-6.84284427571682,7.76360339192608e-12,2.03764427950179e-09
"CAPSL",7.8862386443313,-2.56601628825768,0.37560676214908,-6.8316562608615,8.39397899427738e-12,2.14522540774644e-09
"GDF1",10.7981866019966,-1.9585650538236,0.287424365314223,-6.81419284576805,9.47944744251171e-12,2.3848820166766e-09
"HCN4",26.0884906212646,-1.77293169149949,0.26025748405775,-6.81222174231918,9.61028202713809e-12,2.3848820166766e-09
"RSPH9",19.3312283787184,-1.43301618517168,0.210980783598977,-6.79216448401998,1.10463498515449e-11,2.70209497868577e-09
"AP3B2",101.700994433918,-1.85305333119896,0.273255800627505,-6.78138698956655,1.19027566509107e-11,2.87057608638794e-09
"WNK4",125.920336311278,-1.90653278921654,0.281307879825506,-6.77738849832132,1.22367522190273e-11,2.91013761453339e-09
"MAPT",165.345843031104,-1.60977706573185,0.237633409871327,-6.77420345314032,1.25093533502029e-11,2.93421448514417e-09
"TMEM59L",158.937061580329,-1.63132886664437,0.24113744944893,-6.76514108601727,1.33179354317968e-11,3.08166227565753e-09
"SHISA7",14.1107974881333,-2.29948422831855,0.341256210506136,-6.73829268896838,1.60258501333543e-11,3.65880842444567e-09
"TMEM179",17.9637249911494,-2.5730129367515,0.382128687528503,-6.73336763432497,1.65780477559903e-11,3.73507778586607e-09
"C21orf58",156.649056195423,-1.25605754311514,0.187102731980035,-6.7131972356725,1.90405461412163e-11,4.1798880971288e-09
"RTN1",482.453414467376,-1.63807033254014,0.244076107328284,-6.71130964218848,1.92885305603664e-11,4.18072795930574e-09
"BRSK1",129.006131586628,-1.19686713768674,0.178615084306022,-6.70081780795253,2.07256318256549e-11,4.43606242188361e-09
"F7",14.8074812081447,-1.69646589375314,0.253397557309742,-6.69487863957367,2.15850691769989e-11,4.56297703108337e-09
"SMIM32",114.816697488672,-1.86889468510172,0.279594200996589,-6.68431132849039,2.32013098665625e-11,4.84482962006279e-09
"ASB16",30.4701972191967,-1.21037666316478,0.181454581004942,-6.67041116549059,2.55087743938606e-11,5.23985852250434e-09
"FBXL16",206.084614544893,-1.57903322909801,0.236761958989532,-6.66928604509403,2.57050818133717e-11,5.23985852250434e-09
"NOVA1",85.3951953342564,-1.53984317092916,0.231036510877099,-6.66493432178038,2.6478373932016e-11,5.33399055103423e-09
"ZCCHC18",42.4089100044801,-1.35643736936363,0.203740273489607,-6.6576791428172,2.7818523830325e-11,5.53879748310065e-09
"CCDC151",21.0968148909233,-1.51915099986763,0.229718530849951,-6.61309731629755,3.7636085302904e-11,7.40738722576581e-09
"TUBA3FP",11.5763640272419,-1.41317424733593,0.213841684100816,-6.60850691144801,3.88215417702583e-11,7.5538779515015e-09
"ASCL1",13.7874277730475,-2.18625069520749,0.33148117738879,-6.59539920917821,4.24113085589114e-11,8.15964984780046e-09
"NECAB2",77.2522055100208,-1.79437875956218,0.27309874519924,-6.57043941469993,5.01669934609242e-11,9.43966405529017e-09
"DLGAP3",33.7644713559886,-1.52535867424798,0.23284461697059,-6.55097246435654,5.71635996758238e-11,1.06392643179253e-08
"SNPH",245.306588380646,-1.05520878581228,0.161165236621193,-6.54737217488454,5.85583038404209e-11,1.07816541576293e-08
"MAPK8IP2",270.79358895554,-1.57196421850879,0.240200453029454,-6.54438490303778,5.97407527868721e-11,1.08823501060597e-08
"PRRT3",141.524709190317,-1.08622564941022,0.166088230893046,-6.54005189633035,6.14974897330605e-11,1.10844370178863e-08
"C1orf230",15.1628444181095,-2.11196709017978,0.323152095248193,-6.53552033619867,6.33887678053344e-11,1.13063111576119e-08
"SNAP25",434.754135846216,-1.75754576649576,0.269090144093409,-6.53143864639525,6.5140906863214e-11,1.14990489507094e-08
"ATCAY",38.9881204849455,-1.89605496726389,0.290770231831853,-6.52080151162221,6.99326778569049e-11,1.221895145861e-08
"PTPRN",2754.43307845278,-2.04995914163329,0.31468487713349,-6.51432366342694,7.30179021259924e-11,1.2629146849529e-08
"SRCIN1",223.638534832818,-1.22635679748502,0.188561087813915,-6.50376390857097,7.83348064348033e-11,1.34132689058314e-08
"GRIK5",171.75670123557,-1.59707562557286,0.245804303579346,-6.49734606887111,8.1749266158173e-11,1.3734133549227e-08
"UCHL1",774.841474609728,-1.26315985832149,0.194415165424647,-6.49722903849839,8.18128611821032e-11,1.3734133549227e-08
"DUSP15",30.6207371590499,-1.28355305508935,0.197713561501579,-6.49198287330985,8.47138910925139e-11,1.40830675454089e-08
"SLC29A4",614.971567907972,-1.60457575528449,0.24741699657308,-6.48530932599266,8.85499219566939e-11,1.4408699423489e-08
"C9orf45",101.78452555342,-1.02256108718146,0.158139335166954,-6.46620327638221,1.00495870743e-10,1.60821569601157e-08
"CPLX2",1243.5367995402,-2.34001410587788,0.362245829630647,-6.45974063597586,1.04882583505822e-10,1.66287451608351e-08
"MAP6",315.849209033184,-1.25369701668129,0.194376893846988,-6.44982534636135,1.1197912316657e-10,1.75909956512035e-08
"KCNH2",536.372233663718,-1.48569319426526,0.230693703718717,-6.44011158655958,1.19385697311509e-10,1.8584011773318e-08
"SVOP",145.168421801254,-2.19232014101091,0.34064441593628,-6.4358023746997,1.22822754927005e-10,1.89467930866226e-08
"DRAIC",23.3749748979581,-1.826839685209,0.283921910628085,-6.43430329546498,1.24040957959864e-10,1.89638689566674e-08
"CTSL2",168.243924874808,1.25798041595907,0.196184431216719,6.41223367296366,1.43402804571233e-10,2.13520541102019e-08
"GPX3",4146.43323544495,-1.42592842825159,0.22237492037666,-6.41227178782727,1.43366945869112e-10,2.13520541102019e-08
"LOC100272217",42.2051984439184,-1.08672350983305,0.169464549760761,-6.41268932863669,1.42974694215419e-10,2.13520541102019e-08
"PRLR",200.870732176333,-1.49527819389863,0.233318332959917,-6.40874711785083,1.46720317592923e-10,2.15781614165376e-08
"TTC18",90.7885436577689,-1.26073077589534,0.196743280997153,-6.40799914236252,1.47441738348123e-10,2.15781614165376e-08
"CLGN",106.961513307591,-1.88367581322853,0.295097674496369,-6.38322825296172,1.73393157937809e-10,2.49496726333538e-08
"ATOH8",168.437903345626,-1.11632242962483,0.175503998651876,-6.36066664121498,2.00879988022051e-10,2.84270085529056e-08
"BAIAP3",907.104938421736,-1.52218528742628,0.239304726039172,-6.36086596625389,2.00619452967682e-10,2.84270085529056e-08
"CXorf57",134.913455762381,-1.38586876955847,0.219378567834807,-6.31724777509732,2.66262503649225e-10,3.70667711380949e-08
"GNB3",40.1773578585171,-1.04886986418256,0.166095676871411,-6.31485348649125,2.7041754401194e-10,3.73416097267455e-08
"PHF21B",17.885596037342,-1.74099840064354,0.275886420820206,-6.31056213447394,2.78023762868604e-10,3.80848071327929e-08
"LASS1",55.5173591928075,-1.46333725648942,0.232058580481239,-6.30589592272251,2.86531538237291e-10,3.89387264225169e-08
"ZNF540",91.5413543030717,-1.01712953255068,0.161580240728056,-6.29488808760061,3.07621716230905e-10,4.14756428899353e-08
"HAP1",39.3822050960536,-1.4382892936765,0.229240252528849,-6.27415681936356,3.51534066398306e-10,4.70259204604547e-08
"BEX1",624.680920407951,-1.94170521798719,0.309746666020051,-6.26868803121032,3.64102767438739e-10,4.83297029988645e-08
"NACAD",251.625928116037,-1.25706243251361,0.200946336602788,-6.25571211580956,3.95706102886345e-10,5.21205815363298e-08
"BSN",115.583432949702,-1.51417685500749,0.242297982037756,-6.24923427868889,4.1246982616175e-10,5.39138994913561e-08
"EFR3B",95.8368170804983,-1.16856949422066,0.187130800437797,-6.24466678647646,4.24704528436902e-10,5.5092542730493e-08
"GPRASP1",508.83568651368,-1.14656885498288,0.183672293962204,-6.24247038161792,4.30713356042807e-10,5.54519157557968e-08
"FAM179A",54.2523173138326,-1.47680622365293,0.236703412044077,-6.23905760757659,4.40214866144056e-10,5.62522324849602e-08
"LRRC24",38.1061600132329,-1.6915086710836,0.27170745289412,-6.2254776343686,4.80091141129375e-10,6.08933378485799e-08
"DPY19L2P4",6.20671853121476,-1.7006092098989,0.273373081832356,-6.22083636947761,4.94511683540543e-10,6.0917435663775e-08
"EFNB3",166.559928933358,-1.31619864913057,0.211568335900275,-6.22115140023115,4.93519644514948e-10,6.0917435663775e-08
"MAPK8IP1",528.584645514148,-1.17630925245586,0.189017271363039,-6.22328977650179,4.86836999068464e-10,6.0917435663775e-08
"RSPH4A",16.5017195759588,-1.37353583616705,0.220939261262118,-6.21680288202606,5.07386492750186e-10,6.20569922525816e-08
"OGDHL",197.739474769461,-1.77466111873433,0.285794479085934,-6.20957103303847,5.31294300364085e-10,6.45202291144272e-08
"CELF6",107.512821793889,-1.06857919796941,0.172270717176885,-6.2029067706975,5.54296791658187e-10,6.64186302090787e-08
"CACNA2D2",437.316382164803,-1.71507467261288,0.276878690779713,-6.19431805236831,5.85379171968018e-10,6.91272245628163e-08
"TTC23L",7.12730063573822,-1.3199835789043,0.213201945978414,-6.19123607360481,5.96942251659755e-10,7.00098779121232e-08
"ZDHHC22",8.54504259492364,-1.90746788601189,0.309129786048964,-6.17044352274019,6.80986970757718e-10,7.82586570488886e-08
"DPP6",274.050594640555,-1.96312162690022,0.318765130631703,-6.15852061048792,7.34276294626661e-10,8.38200866192821e-08
"GIPR",155.933181960631,-1.40379745164527,0.228060731382812,-6.15536678819521,7.49039339136282e-10,8.49390768478845e-08
"INA",191.338786695309,-1.81307625671831,0.295477393787183,-6.13609127073923,8.45765776480101e-10,9.46539045141749e-08
"BCAM",3171.87030032074,-1.07598976837099,0.175461771452471,-6.13233161539381,8.66003499367356e-10,9.56682446430144e-08
"REM2",22.6074389465601,-1.0212016058685,0.166522866738528,-6.13250075421757,8.65082987202397e-10,9.56682446430144e-08
"PPP1R1A",473.327290078002,-2.04378059541492,0.33347537420948,-6.12873019562478,8.85831950082282e-10,9.72314133414032e-08
"SYT4",326.29526385529,-2.06234905423897,0.337455951315494,-6.11146149949164,9.87228210156712e-10,1.07670755684799e-07
"SSTR2",91.4779219379305,-1.40605569107386,0.230189518136179,-6.10825246283389,1.00727932375389e-09,1.09162302915429e-07
"RIC3",115.745786983124,-1.43819671432982,0.235611268786342,-6.10410835499558,1.03376140654187e-09,1.11327651347273e-07
"TAT",10.6912801431866,-1.71828280188676,0.281915693819975,-6.09502358170955,1.09421319908451e-09,1.17101328799525e-07
"ASPDH",12.1241417206237,-2.00319823900524,0.329193069705529,-6.08517743340451,1.16362372371323e-09,1.23756080876656e-07
"BTBD17",7.59620722980069,-2.00053280678397,0.328960175927993,-6.08138295506586,1.1915032910083e-09,1.25938955876143e-07
"LHFPL4",155.924603941981,-1.91757003304993,0.315595855365633,-6.07603046886763,1.23194011749705e-09,1.2793595575587e-07
"SNAP91",103.163188530466,-1.67661921886709,0.275945049235264,-6.07591701142514,1.23281158089812e-09,1.2793595575587e-07
"MAMLD1",269.733022772097,-1.06515463349706,0.175371499748244,-6.07370430786162,1.24992793921878e-09,1.28930819899055e-07
"MYT1",34.5803081021596,-1.8729822943034,0.309184032410304,-6.05782349011431,1.37975674350429e-09,1.41470507299545e-07
"TMEM151B",26.4371757465756,-1.03612920833764,0.171568471822407,-6.03915857809907,1.54919938288987e-09,1.57898458531091e-07
"ASTN1",51.4962250341906,-1.76620681910913,0.292610101565588,-6.0360418511158,1.5794030717719e-09,1.60024371585505e-07
"GPR113",15.1892198163985,-1.26314764080485,0.209433901280008,-6.03124724834332,1.62699037481897e-09,1.63876212870736e-07
"GNAZ",276.572219662142,-1.23358123231276,0.204672305395628,-6.02710381323094,1.66923791630862e-09,1.67148309011418e-07
"SYN1",173.117964393969,-1.17821703686227,0.195593672940727,-6.0237993343441,1.70369573745267e-09,1.69606872746523e-07
"FAM123C",81.8592568495142,-1.93094336519016,0.321144511170028,-6.01269303390906,1.82466354738893e-09,1.80203535580499e-07
"UBE2QL1",138.661036795084,-1.25363658758654,0.208791566292318,-6.00424916508069,1.92219324089109e-09,1.87009743544194e-07
"DNAI1",9.94283379097437,-1.83380172637734,0.306173202531737,-5.98942595633352,2.10582974732297e-09,2.03718207702888e-07
"C12orf34",234.038215230064,-1.42714091370403,0.238329043075738,-5.98811162620454,2.12291350731892e-09,2.04217123515853e-07
"FBXO15",15.5366538333612,-1.33851550212621,0.225050061349597,-5.94763446896792,2.72045259371343e-09,2.49103260760188e-07
"SHANK1",19.940306642065,-1.29859933481828,0.218764768550966,-5.9360533390263,2.91964849012372e-09,2.65920963278662e-07
"GCK",104.429519328284,-1.76656565039458,0.297784096165711,-5.93237071133417,2.98591496970671e-09,2.70517576858667e-07
"C5orf49",37.7505925337461,-1.44816023558489,0.244494721498447,-5.92307362183312,3.15979294823257e-09,2.8395975285189e-07
"KCNJ11",248.205634414766,-1.35911521471596,0.229486865200759,-5.92240960512919,3.17258204543716e-09,2.8395975285189e-07
"P2RX5",145.449185032934,-1.47197006375751,0.248567298252699,-5.92181704554342,3.18403740860613e-09,2.8395975285189e-07
"GPR98",96.0559236656075,-1.70759420315372,0.288625583344768,-5.91629537258992,3.2927367139791e-09,2.92132283696705e-07
"FGF17",10.8459773723546,-1.50837625990364,0.255088745256267,-5.91314312353647,3.35640285264483e-09,2.96245804359986e-07
"CNIH2",128.188876989095,-1.60387783393751,0.271370576894536,-5.91028641458367,3.41513401841037e-09,2.99883793832004e-07
"PIPOX",68.8466932467948,-1.25950020046728,0.21336108552021,-5.90313925989084,3.56648971525059e-09,3.09994941087491e-07
"SCN3B",113.910143796392,-1.36724315190135,0.231587575287228,-5.90378456273233,3.55256022418769e-09,3.09994941087491e-07
"SLC22A17",937.944645791797,-1.06825989454461,0.181360325425966,-5.89026233844449,3.85583024876527e-09,3.33451420957615e-07
"GADD45G",380.434152955905,-1.07450462382024,0.182495251458143,-5.88784976724008,3.91252519779762e-09,3.36654115386375e-07
"CACNA1B",36.5536570301969,-1.78567158432299,0.305133148751514,-5.85210617603908,4.85386580934784e-09,4.07415413007172e-07
"KLHL32",18.1023578498947,-1.33691951354411,0.228645544663068,-5.8471268946622,5.00135982062147e-09,4.13711517915466e-07
"RGAG4",347.320673199913,-1.07797160013408,0.184673074984295,-5.83718877386836,5.3088935251346e-09,4.37039345340768e-07
"GDAP1L1",22.6861359833293,-1.76857106589065,0.303219854523808,-5.83263608733045,5.45584743419439e-09,4.46987921606271e-07
"SLC8A2",152.853849653566,-1.78538179676962,0.30769257262821,-5.80248584331909,6.53389121036761e-09,5.32761043786308e-07
"CDO1",174.047723738007,-1.16290527808414,0.200766645849461,-5.79232308814934,6.94194341833013e-09,5.58060550009703e-07
"TCAP",14.4341822459975,-1.26691947323794,0.218719880219798,-5.79242943972342,6.93754758038534e-09,5.58060550009703e-07
"APC2",17.9733809930982,-1.10073380464027,0.190297685320255,-5.78427321797332,7.28264959526374e-09,5.8000376288233e-07
"UCA1",488.652956067982,1.73344163913845,0.300145984496893,5.77532843574124,7.68031226664623e-09,6.08842532137886e-07
"SGSM1",181.540380840788,-1.29568947651904,0.224633053000844,-5.76802682957869,8.02050395903792e-09,6.32880595809245e-07
"RAB39B",74.745270869859,-1.43685818794856,0.249672120759645,-5.75498050634094,8.66517932934193e-09,6.77506235873616e-07
"RGS11",181.092654754645,-1.09917270340136,0.191259465341478,-5.74702382148188,9.08279375622469e-09,7.00561610305564e-07
"PTPRN2",2388.93082205962,-1.21762108142979,0.212181580853162,-5.73858049569549,9.54733829554565e-09,7.33090016298781e-07
"FAM171A2",60.5457744466859,-1.06709167829444,0.185992470289902,-5.73728429237585,9.62066919793984e-09,7.35422851233589e-07
"SLIT1",90.3777915952571,-1.6481258811636,0.287389551443178,-5.73481489806168,9.76188977074929e-09,7.429015046424e-07
"FSTL4",61.6927920609115,-1.63837886948598,0.285842831138217,-5.73174727860767,9.9401300993412e-09,7.52137812830661e-07
"KCNH3",47.0065810159537,-1.25982631204569,0.219821809001982,-5.73112521348749,9.97665827065363e-09,7.52137812830661e-07
"PACSIN1",64.1274726946636,-1.35493864255213,0.236822343045309,-5.72132943677914,1.0569373010605e-08,7.86344548652363e-07
"PROK1",8.4835427601131,-1.88086076994938,0.328823462071101,-5.7199713125783,1.06542040114085e-08,7.86344548652363e-07
"WNT4",593.942284868455,-1.42570451451491,0.249231984986415,-5.72039144411026,1.0627891362475e-08,7.86344548652363e-07
"KIAA1409",104.021740505431,-1.79577545020095,0.314069006673477,-5.71777352124381,1.07928859253921e-08,7.93161312019262e-07
"DPY19L2",68.9156480704807,-1.13683928590256,0.198937505205992,-5.71455485342195,1.09991565880174e-08,8.04865633575305e-07
"KCNH6",86.2217699863962,-2.03290666437118,0.356180729110764,-5.70751446729448,1.14637879632813e-08,8.28246587743739e-07
"PCDH10",39.9790502335646,-1.35091223609665,0.236674142589184,-5.70789956738769,1.14378874448435e-08,8.28246587743739e-07
"PSD",474.39817885123,-1.05942495229243,0.18597486851423,-5.6966027762583,1.2221822798698e-08,8.75624568125967e-07
"DYNC1I1",133.908055346743,-1.18984832556827,0.209139012984659,-5.68927006294877,1.27583557211404e-08,9.10255520887859e-07
"AMPH",149.816118767361,-1.2026893812195,0.21151790794245,-5.68599317626915,1.30054588014546e-08,9.24035149615385e-07
"C6orf174",151.933183910074,-1.06983357866898,0.18818628589742,-5.68497100395584,1.30834856228101e-08,9.2573770379908e-07
"ATP1A3",92.5596350725918,-1.39262837343517,0.245141138539548,-5.68092480002292,1.33968374305114e-08,9.40139538207565e-07
"IL20RB",281.85165930244,1.68243421753971,0.296196011862496,5.68013798349436,1.34586123012316e-08,9.40619667077506e-07
"EML6",52.1990050029505,-1.03999080299628,0.183187642977328,-5.67718862524473,1.36926459613576e-08,9.53086084537914e-07
"ZDHHC8P1",83.3393850839766,-1.38554844010835,0.244524009358569,-5.66630836678529,1.45906842580393e-08,9.99345146201626e-07
"PCP4",83.9475452048112,-1.69294718220089,0.299167486781239,-5.65886086223942,1.5238102833461e-08,1.03540490006886e-06
"GNAO1",417.776625974388,-1.19200265697899,0.21083427023007,-5.65374241900157,1.56991427055787e-08,1.05833236436073e-06
"REC8",329.027696248714,-1.08085223547619,0.191152141184229,-5.65440820479475,1.56384147619811e-08,1.05833236436073e-06
"KIF19",42.7654565890096,-1.39104756884099,0.246526735577581,-5.64258300659332,1.6751772745841e-08,1.11611130243983e-06
"GALNT8",5.63516974887308,-2.36291609680736,0.419202314893809,-5.63669620337359,1.7334351648359e-08,1.14600812075232e-06
"SLC8A3",24.8489390983934,-1.39851529331173,0.249384564125862,-5.60786630164452,2.04836159761025e-08,1.32593649163785e-06
"MARCH4",113.683912822967,-1.54341279871426,0.275477629456843,-5.60267925115152,2.11063580127375e-08,1.35357366386556e-06
"FCER2",95.0198194809454,-2.37625494640811,0.424712382782617,-5.59497448800394,2.20654213478524e-08,1.40979929007193e-06
"LMX1B",37.7526176150418,-1.51107176038232,0.271000717052526,-5.57589580137324,2.46259304081058e-08,1.56754574861708e-06
"SCG2",2013.45918987504,-1.46948268446271,0.263898180803501,-5.56836989170793,2.57133522125521e-08,1.62468535031561e-06
"CHRNB2",73.0818602316418,-1.60492554454087,0.288805671116163,-5.55711229055241,2.74274324915954e-08,1.71401433048755e-06
"ARX",112.213512789081,-1.75833000434221,0.316708412118249,-5.55188917333115,2.82598745496011e-08,1.75465023638635e-06
"C9orf172",30.6097243342581,-1.09928415951401,0.198006836707629,-5.55174850420535,2.82826295183456e-08,1.75465023638635e-06
"FXYD7",6.56291840328127,-1.49176067850561,0.268733739891853,-5.55107326346868,2.83921057699508e-08,1.75508313032082e-06
"P2RX6",21.953727363453,-1.24611257455743,0.224578564232616,-5.54867103552552,2.87849204027545e-08,1.77296471962721e-06
"SLC12A1",2.25356949334775,-1.77391611441535,0.320259075563905,-5.53900341869119,3.04197706767148e-08,1.8669452806358e-06
"DLX3",14.0540419634191,1.33412629501473,0.241333593522465,5.52814167121138,3.23640657135672e-08,1.97917820433361e-06
"KCNB1",18.6813111190904,-1.65701844797415,0.300827904227896,-5.50819396966199,3.62533816847595e-08,2.17521900620452e-06
"NKX2-2",309.884376177297,-1.7914655473219,0.32518051647131,-5.50914171230783,3.60587531859439e-08,2.17521900620452e-06
"SEPT1",221.884768219259,-1.08668121660121,0.197314027787149,-5.5073692873649,3.64235671851051e-08,2.17521900620452e-06
"TEKT2",33.9554004150574,-1.43833828102956,0.26115921632929,-5.50751492229933,3.6393457014655e-08,2.17521900620452e-06
"CYP4F22",7.28426719614866,1.68398318760997,0.306453395481068,5.49507106934308,3.9055309918993e-08,2.32118604507752e-06
"FAM129C",48.1101499451355,-2.0637105565506,0.375594100302707,-5.49452335616393,3.91767077630907e-08,2.32118604507752e-06
"CACNB2",101.596784748854,-1.14337531005328,0.20831034173162,-5.48880723131049,4.04656941399881e-08,2.38107931532308e-06
"SPTB",273.046212001551,-1.03617742297712,0.189077860546036,-5.48016261652612,4.24935091579291e-08,2.4833322775127e-06
"RASD1",858.746847815642,-1.23466966038783,0.22533921756331,-5.47916014681709,4.27349435904172e-08,2.48894707176433e-06
"MUC21",17.0151979844905,2.11564233473353,0.386470812639711,5.47426161443619,4.39339614907891e-08,2.55010583934502e-06
"LYPD2",98.2803595391816,2.54856909514216,0.466043297128376,5.46852429987881,4.53797859222741e-08,2.607510316601e-06
"PACRG",45.4159738648314,-1.22528104482156,0.224914432174513,-5.44776532557436,5.10065941468956e-08,2.91128637192431e-06
"STMN4",8.79884275569977,-1.81307912418711,0.332862401919669,-5.44693276780677,5.12458220878239e-08,2.91522329438474e-06
"RLTPR",114.65910582511,-1.20580766529163,0.221556434153322,-5.44244029698177,5.25555775120778e-08,2.97983163489837e-06
"AGBL4",6.26679192055193,-1.58994129182911,0.292272678531895,-5.43992445621496,5.33031686709478e-08,2.99196248957822e-06
"ATP2A3",4411.52729423545,-1.00816462166594,0.185345747923597,-5.43937280979071,5.34684647439663e-08,2.99196248957822e-06
"JAKMIP2",108.187827646044,-1.11041231213075,0.20433111797305,-5.43437692283957,5.49882358173825e-08,3.06698228632261e-06
"BEX2",344.173722984271,-1.19408907474652,0.219881069271051,-5.43061337069699,5.61606880759227e-08,3.12220604520787e-06
"SCAMP5",919.689639217099,-1.0190426136448,0.188691864871474,-5.40056464193046,6.64314675508573e-08,3.5997025913713e-06
"SCG5",3964.53242900476,-1.55002062561345,0.287237607935278,-5.39630112071784,6.8028739477735e-08,3.6746249403068e-06
"PPP4R4",24.7410699989043,-1.62301808174386,0.3014890851762,-5.38333943597102,7.31164702743889e-08,3.9246812555121e-06
"ODZ1",29.4434090037314,-1.39387306262624,0.25944584375609,-5.37250102929629,7.76519862521065e-08,4.12930111985969e-06
"PNMAL1",443.710430230354,-1.10780303116698,0.206314540553598,-5.36948597124782,7.89613786961535e-08,4.17301138090814e-06
"GRIA2",63.4485385427187,-1.80270580490954,0.336143666700552,-5.36290278083819,8.18950887430323e-08,4.30832194481467e-06
"KIF1A",1042.42188926066,-1.60940551207388,0.300232384013312,-5.36053269990529,8.29769048826705e-08,4.34499554222008e-06
"DNAH9",27.209287888363,-1.17749765488543,0.219708573468531,-5.35936143181088,8.35166228919792e-08,4.35992418835171e-06
"LINGO3",7.14624653169296,-1.81839221937938,0.339517358730964,-5.35581516708336,8.51715424280478e-08,4.42011979253773e-06
"MCOLN3",110.307909309592,-1.22919923444361,0.230721722209596,-5.32762681671975,9.95043019730875e-08,5.1012340200155e-06
"KSR2",109.502688498321,-1.10384162373593,0.207311936452071,-5.32454446486311,1.01206344145591e-07,5.17300367404465e-06
"C1QL1",100.902338406086,-1.34414316945145,0.252643393572607,-5.32031790122848,1.0358608591282e-07,5.26321824654366e-06
"CD22",301.82009739616,-1.46160057782409,0.275010344968046,-5.31471126293057,1.06826579211413e-07,5.39140476026333e-06
"CTXN2",7.88158728571369,-1.80186317969135,0.339210371268187,-5.31193422227872,1.084677576092e-07,5.44660825085728e-06
"DMRTC1B",34.7295412064249,-1.39108579511644,0.262316045605968,-5.30309075033108,1.13858283224289e-07,5.66742844084157e-06
"MLXIPL",622.057684986813,-1.22491060525687,0.231077392692991,-5.30086734570477,1.15253812166406e-07,5.72026384268223e-06
"KLHDC7B",318.323836022377,1.53956796127679,0.290616133135048,5.2975997742058,1.1733479467069e-07,5.80671586458444e-06
"CPA5",1.82134946441348,-2.11522970135637,0.399364416682696,-5.29649015534843,1.1804969974999e-07,5.82525939140946e-06
"FEV",49.9515344308997,-1.6037610811875,0.302902266142059,-5.2946486720418,1.19245441507595e-07,5.86735544521421e-06
"RIMBP2",178.021541052111,-1.57172335666936,0.297207019191387,-5.28831169918382,1.23450483548291e-07,6.05685567277189e-06
"RIPPLY2",7.29118473718653,-2.062214270723,0.390087466217398,-5.28654327379418,1.24649339280982e-07,6.09820181859503e-06
"GRIA1",6.02032043749471,-1.48596601097928,0.281251716701243,-5.28340245673141,1.26806394913276e-07,6.18605669544166e-06
"DDC",328.584626644462,-1.53290755899147,0.290282456849018,-5.28074474644802,1.28659831096109e-07,6.25864286323487e-06
"ABCC8",2228.19655298344,-1.84780916074647,0.350976171567331,-5.26477097432236,1.4036422764404e-07,6.77030047872927e-06
"AGT",1263.34071362251,-1.10363147966732,0.209805968243165,-5.26024826132789,1.43861034590718e-07,6.89735474200716e-06
"DSCAML1",87.9628777324946,-1.33150263879761,0.253146679532617,-5.25980684896186,1.44206797736294e-07,6.89735474200716e-06
"ST6GALNAC5",198.234466394227,-1.12433078011279,0.213796011971311,-5.25889500812422,1.44923599619489e-07,6.91233090887051e-06
"MEG3",563.438159376902,-1.05289636311483,0.20055607323752,-5.24988521224124,1.52194018480461e-07,7.15939060011243e-06
"RASGRP2",259.348127123073,-1.21500198861066,0.231426448854983,-5.2500567442575,1.52052363903924e-07,7.15939060011243e-06
"AK5",65.7090801651365,-1.31933783503578,0.251377347517014,-5.24843566084045,1.53396194201075e-07,7.19617269398633e-06
"SLC6A16",27.0242993497513,-1.07826818488868,0.205765616063065,-5.24027388792793,1.60338442475065e-07,7.50129822541132e-06
"GRIA3",106.403278174898,-1.37814213199581,0.263049671941803,-5.23909466156151,1.61366255933995e-07,7.50835434879834e-06
"GPLD1",13.5098002003124,-1.09595171801482,0.209462774457384,-5.23220281433729,1.67501818510377e-07,7.7517125360897e-06
"NDRG4",377.470495147186,-1.04696597790006,0.200634732978377,-5.21826885284559,1.80603182624607e-07,8.22650949918903e-06
"FTCD",19.3844029816399,-1.59957077448512,0.306837632530454,-5.21308537448176,1.85725367046192e-07,8.40883768804365e-06
"ZNF483",35.6592139400399,-1.08461814935806,0.208384321334043,-5.20489325883302,1.94108147163963e-07,8.72365827792266e-06
"TSPAN7",706.351823535237,-1.12348475198228,0.216128377468745,-5.19822878022924,2.01196412357172e-07,8.97157856456213e-06
"F10",337.870206319603,-1.15824961768872,0.223494476612163,-5.1824529860694,2.18986575734099e-07,9.61463368280765e-06
"IRX2",79.4441622901702,-1.59710711790964,0.308281063968068,-5.18068511037405,2.21072417136965e-07,9.68138874331521e-06
"FMN2",99.4344173419843,-1.51117416718626,0.291768770635754,-5.17935543236331,2.22653884170067e-07,9.7257715781736e-06
"RFX6",145.322695077066,-1.82399695646869,0.352690622766465,-5.17166275122789,2.32020060905759e-07,1.00325239971952e-05
"GRM1",6.45199566578449,-1.40498805885994,0.273291229241759,-5.14099213047579,2.73291501634947e-07,1.16118371774074e-05
"C20orf26",6.27243402835804,-1.28580444026171,0.250512109735506,-5.13270373084671,2.85609302526324e-07,1.21051685325699e-05
"AFF3",112.793325881223,-1.150870487845,0.224495202449796,-5.12648143606708,2.95207149289002e-07,1.23892941599892e-05
"WDR17",55.5860900991437,-1.23349969427999,0.240782307745688,-5.12288342872267,3.00898388387493e-07,1.25972692038119e-05
"C12orf68",119.14857180943,-1.00114538579492,0.195513704564643,-5.1205893112414,3.0458232254804e-07,1.27037150917009e-05
"CPE",6710.47477125554,-1.16404067826268,0.227619716466917,-5.11397121624947,3.15455446843382e-07,1.30472068026551e-05
"C20orf186",1.75547766510062,-3.4085293823826,0.668405030559445,-5.09949690164617,3.40557444061888e-07,1.39173391758275e-05
"CD79B",267.687213829567,-1.39739885330469,0.274006567801814,-5.09987357060512,3.39880430497918e-07,1.39173391758275e-05
"VGF",484.701382430056,-1.57914908365785,0.309697056414156,-5.09901224745921,3.41430462313158e-07,1.39197947766386e-05
"C20orf46",101.851785971446,-1.00751884208935,0.197884182223039,-5.09145718859809,3.55322106763205e-07,1.43951205349751e-05
"QPCT",1227.82132551648,-1.04843373719449,0.205971173420751,-5.09019645701964,3.57692733001542e-07,1.44452185546826e-05
"TMOD1",697.763543984949,-1.0254972709708,0.201808614406303,-5.0815336797574,3.74399612484519e-07,1.50136875048534e-05
"IRX1",7.75308532858552,-1.93246709016049,0.380462605227424,-5.07925631483637,3.78915207392493e-07,1.51239279631274e-05
"A2ML1",274.990949823056,2.47986421476572,0.492251719819699,5.03779695411534,4.70920610406679e-07,1.81612018288143e-05
"KCNC2",4.54052007365424,-1.77063784588792,0.351932298096466,-5.03118882655828,4.87447760849478e-07,1.85892383274513e-05
"STXBP5L",42.3177525854655,-1.66073303360257,0.330077400456743,-5.03134425836042,4.87052674327796e-07,1.85892383274513e-05
"PNMA3",27.9702840730286,-1.08622797296184,0.216074308955018,-5.02710376913882,4.97942935957102e-07,1.89243638166162e-05
"DSCAM",16.6935978914736,-1.61164839546992,0.320957982733779,-5.02136878398415,5.13045469419469e-07,1.93499506010343e-05
"NXF2",4.04029018308664,-3.34002642876007,0.665274671051425,-5.02052246101805,5.15311247492809e-07,1.9392691188614e-05
"EMID2",21.5205978338085,-1.08041579867237,0.215873826003589,-5.00484852042417,5.59059765875515e-07,2.08557306559618e-05
"C1orf173",14.656364433634,-1.42390212439121,0.286349730894456,-4.97259808816107,6.60615270063149e-07,2.41703317719899e-05
"TSPAN11",376.273618915366,-1.02525475517104,0.206417662515798,-4.96689451220084,6.80335707325991e-07,2.4838781058727e-05
"RTBDN",30.6540246923822,-1.62275627297473,0.326857715786183,-4.96471765725815,6.88010873844407e-07,2.50123358658976e-05
"GRIK2",38.9076989920793,-1.06531538427915,0.214725479646657,-4.96129004360443,7.00265352257907e-07,2.5350197942309e-05
"MAP7D2",55.0929996119839,-1.20315963530454,0.242497407446143,-4.9615360756867,6.99378772195979e-07,2.5350197942309e-05
"NAP1L2",90.5203052447161,-1.04058788244737,0.209896206487266,-4.95763072550098,7.13580276600912e-07,2.56694014206669e-05
"BLK",121.163626871208,-1.81567326485774,0.366645732942494,-4.95211890313345,7.34097241717448e-07,2.62969603973386e-05
"SAA2",294.341260300713,-1.40810450340004,0.284418600971022,-4.95081720602201,7.39024939024724e-07,2.63698079699104e-05
"MARCH10",7.42921183028652,-1.29967861566142,0.262611824946847,-4.94904833750147,7.45772257311045e-07,2.65485620830292e-05
"TMPRSS6",83.4398429346828,-1.21765746208238,0.24628636302061,-4.94407179978732,7.65075046004499e-07,2.70110928097629e-05
"FBN3",4.35983608849111,2.0421098258128,0.414309111488985,4.92895224648492,8.26717765863655e-07,2.88895679691497e-05
"FAM25A",2.96440669031419,2.00239648684315,0.407677995962487,4.91171097452953,9.02850713270202e-07,3.1168372506705e-05
"KNDC1",127.319918110379,-1.2188371142699,0.249077821251142,-4.89339881065108,9.91092826754387e-07,3.36715922073718e-05
"B3GAT1",33.2996097742141,-1.12383702647801,0.229826887697645,-4.88992840540269,1.00872659400367e-06,3.42028227111384e-05
"PAX6",352.76138071098,-1.1878297543631,0.243374202615728,-4.88067240322345,1.05724741646186e-06,3.55232326601238e-05
"KCNJ3",48.3699735925933,-1.45236983992584,0.297622269118704,-4.87990984084116,1.06134348687894e-06,3.55584711565783e-05
"SLC4A8",169.654411423739,-1.03043638791937,0.211206923407938,-4.87880023671914,1.0673309684393e-06,3.56255519933454e-05
"KIAA1045",15.4018922284014,-1.01387620910773,0.208100074431244,-4.87206077113977,1.10440184372842e-06,3.66485906398484e-05
"UNC13A",234.666836252745,-1.29381135938208,0.265549020477872,-4.87221288579332,1.10355162374017e-06,3.66485906398484e-05
"NRG2",18.73263531113,-1.10229981199518,0.226473922575825,-4.86722621067387,1.13175461032382e-06,3.74836251307054e-05
"C21orf29",9.53184553460616,-1.33103127086006,0.27352336664155,-4.86624337512037,1.13739443445663e-06,3.75976928594613e-05
"RET",71.5296512883868,-1.06669583416967,0.219390417373439,-4.86208945194711,1.16153108074321e-06,3.81013346658351e-05
"CXXC4",12.029347703412,-1.2202841919389,0.251174605710885,-4.85831037132596,1.18391721663979e-06,3.86874322529068e-05
"SERPINA10",24.5870214723803,-1.65260635701613,0.340426279240124,-4.85452051676199,1.20678376068227e-06,3.92847116619059e-05
"KL",94.9487696780792,-1.10277655689418,0.227541934836701,-4.84647613498411,1.25673697596212e-06,4.06788416623807e-05
"FAM135B",50.1197583158802,-1.52361759457334,0.314413306872119,-4.84590684068291,1.2603464995276e-06,4.07187039837947e-05
"MAL",37.0529941530734,-1.18470008171611,0.244604934447934,-4.84332045218117,1.27687105158667e-06,4.11748832699032e-05
"CPNE9",5.35868723205836,-1.07973048801997,0.223288012070201,-4.83559541781627,1.32747677454672e-06,4.26461253481492e-05
"HES2",87.3028864562164,1.22817975867578,0.254265193098861,4.83031021158389,1.36320497883625e-06,4.37119079636949e-05
"CCNA1",9.96200253398924,-1.13846722372957,0.235793947597254,-4.82822920321143,1.37752491710096e-06,4.40885217860181e-05
"ST18",118.830636304365,-1.43402942335062,0.297183477604691,-4.82540091026914,1.39721919576428e-06,4.45522984898917e-05
"FABP7",3.1159655049361,-2.0169880515609,0.418648028176082,-4.81786110482423,1.45105320965128e-06,4.60971875860091e-05
"LINC00494",22.9297264441382,-1.36563432348018,0.284280148717708,-4.80383287274928,1.55656769789207e-06,4.84828684124763e-05
"RGS7",31.5565142616482,-1.18522913957055,0.246758137977343,-4.8032018286642,1.56148347843264e-06,4.85250119804031e-05
"DMRT3",2.42660026962196,-1.58325227711941,0.330707390581702,-4.78747171127482,1.68895535587916e-06,5.17352103018228e-05
"SNCB",20.7556953260683,-1.43640754436411,0.300013001410805,-4.78781765326646,1.68604735942426e-06,5.17352103018228e-05
"SFRP1",706.665346362094,-1.23603743986495,0.258557740222585,-4.78050836459539,1.74852483127819e-06,5.33689673546817e-05
"SCN4A",11.1340580946113,-1.03725889942122,0.217254203510413,-4.77440198008184,1.80242044065172e-06,5.44318257588701e-05
"MTUS2",95.0070345011848,-1.26920560820029,0.266195553078097,-4.76794444356448,1.86115087189144e-06,5.60078846738086e-05
"NOL4",99.4195671232993,-1.59613857177212,0.335633545540116,-4.75559905433034,1.97858815127718e-06,5.89206346335986e-05
"SLC35F3",79.8454571443806,-1.23262692464754,0.259282451079305,-4.75399287347266,1.99438070304508e-06,5.92878138511127e-05
"KIF5A",63.906389082889,-1.27584603664078,0.269211532678456,-4.73919532327259,2.14568598060344e-06,6.3128146126929e-05
"C2orf39",29.1610170913971,-1.79918344580832,0.380110583306359,-4.7333158423485,2.2088137072887e-06,6.46011753446386e-05
"SORCS1",64.9217797843973,-1.17063592739439,0.247629991850754,-4.72735922916775,2.27458649994476e-06,6.61252031214841e-05
"IL11",110.809398684731,1.17914431289432,0.249510188397122,4.72583632944715,2.2917018241113e-06,6.65098480241657e-05
"PNMT",33.0982398974034,-1.29977830860934,0.275942698096515,-4.71031963366075,2.47328596784302e-06,7.08195244604951e-05
"ZAP70",168.046566340193,-1.01437228439936,0.215386363584392,-4.70954738043067,2.48267498057014e-06,7.09560619287177e-05
"ZNF831",73.7471080726273,-1.19113829612306,0.252936068047218,-4.70924651165487,2.4863421805309e-06,7.09560619287177e-05
"SMOC1",693.174513067173,-1.45526856395273,0.309666677388201,-4.6994677510244,2.60840406159851e-06,7.38707451773946e-05
"PTCHD2",23.992762680574,-1.21482072851724,0.25921245396342,-4.68658318665769,2.77803932764593e-06,7.81089776802649e-05
"SCG3",1067.11516936315,-1.60547645114442,0.34305459957689,-4.67994439696933,2.86952729372143e-06,8.04172108844388e-05
"GPR64",189.665504751314,-1.22643996196158,0.262157912029352,-4.67824889383563,2.89335212887169e-06,8.08203401348612e-05
"GPR123",20.2022977581291,-1.29955396308135,0.278043594220384,-4.67392160831905,2.95502161716816e-06,8.22745287004398e-05
"SYT5",79.2918105743372,-1.28297357967491,0.274656340408716,-4.67119593076101,2.9945113207521e-06,8.31037558269662e-05
"WDR63",6.96832025224723,-1.10375903021338,0.236351807308986,-4.66998345720462,3.01223991747553e-06,8.34604920824166e-05
"THRSP",7.79151811228172,-2.01220970603247,0.430958371702207,-4.669150985708,3.02447043778146e-06,8.35290440421484e-05
"FCRLA",94.7428297433852,-1.69197978728657,0.363000862744374,-4.66109026434482,3.14538730307727e-06,8.63116454977438e-05
"LINC01300",4.03826736186238,2.10857093170235,0.452967869636064,4.65501213893267,3.23961619986567e-06,8.83311276915604e-05
"MAPK4",73.33167963191,-1.22374436222243,0.263209013988821,-4.64932543030005,3.33022410412868e-06,9.02269419857521e-05
"NEURL",526.403123160817,-1.25602233173589,0.270972194289643,-4.63524434685473,3.56516096074123e-06,9.56008024150696e-05
"HFM1",6.27543457918603,-1.22119610395063,0.263660545662239,-4.6316983107326,3.62678376780978e-06,9.70334663378231e-05
"KCNA6",109.09967600327,-1.19341841264395,0.257914488658235,-4.62718639364755,3.70666895368886e-06,9.82496787833039e-05
"SYNGR4",27.1937155397706,-1.55876432025864,0.336985615144963,-4.62561085756761,3.73495970031162e-06,9.86662376391329e-05
"GSDMC",34.1237026459069,1.22286967839737,0.264564826058764,4.6221929672758,3.79704555403199e-06,9.98722135509827e-05
"DLL3",4.65604168668037,-1.40662710957513,0.304396389294381,-4.62103743357739,3.81825865840291e-06,0.000100122577347371
"IGSF1",90.9473896166195,-1.21335653640664,0.263230063467822,-4.60949072617977,4.03656537627521e-06,0.000104883321605403
"ZNF536",9.20179989697995,-1.16920684121077,0.25422413695124,-4.59911814524136,4.24283124566951e-06,0.000109084083212611
"CETP",34.3515459116593,-1.03959449937044,0.226186491549401,-4.59618296499099,4.30300883341421e-06,0.000110465397682986
"VPREB3",54.6680021576791,-1.53501072969825,0.334478337775574,-4.58926799238101,4.44803070661187e-06,0.000113677059387037
"CD79A",525.67967238563,-1.42910668663414,0.311442323444137,-4.58867205596891,4.46074561574006e-06,0.000113832112039221
"DPYS",6.05737460860528,-1.1866736700313,0.260159053447965,-4.56133912813703,5.08284107981017e-06,0.000126708796037025
"CCDC108",31.1291853722691,-1.16251185622052,0.255472881740893,-4.55043153033978,5.3536006319418e-06,0.000131709344282671
"NAT8L",45.9240510753389,-1.1150974419783,0.246073701704554,-4.53155877387146,5.85500420414503e-06,0.000141803729826839
"LGI3",45.4921353143294,-1.33066158494102,0.294022988004696,-4.5257059455493,6.01942295682483e-06,0.000144762049564202
"MCART6",43.1317858975189,-1.03081795498527,0.227911931444872,-4.52287841382542,6.10042869356022e-06,0.000146094602125639
"RASGEF1C",4.86606012386133,-1.23753873850278,0.27389316120013,-4.51832653681531,6.23303071100814e-06,0.000148646497025895
"SLITRK2",16.9494410122336,-1.06430300947827,0.23557920645285,-4.51781388308263,6.24813661348819e-06,0.000148799503800776
"SPINK13",4.13171930645036,1.52301869166127,0.337401194911726,4.51396946611211,6.36253812574584e-06,0.000151313528232147
"GPR142",15.0325428913116,-1.38107496878777,0.306313556511231,-4.50869685467915,6.52270303184754e-06,0.000153417917602095
"CDH16",14.0560318039928,1.51583721426676,0.336469245455399,4.50512858081615,6.63327651383542e-06,0.000155591224310142
"C19orf30",128.561475162419,-1.61075996652014,0.358295886340153,-4.49561389881809,6.93695127358948e-06,0.000160950429075437
"ANKS1B",20.7866517448036,-1.07959869868782,0.240215570019947,-4.49429110110627,6.98020877188535e-06,0.000161734932071709
"OR13A1",6.26307345855293,-1.07411599732654,0.239157374384311,-4.49125183821637,7.08057681546099e-06,0.000163617701499512
"LBP",52.8811875621452,-1.78918892878571,0.399561485649691,-4.47788136005267,7.53874755969837e-06,0.000172574832172079
"TDRD9",38.9576589818664,-1.10013815989253,0.247130247674636,-4.45165320815339,8.52117031797295e-06,0.000190729410921112
"CNGA3",25.0490519229571,-1.13347794941799,0.254832417609053,-4.44793468606848,8.66998819427335e-06,0.00019355437790162
"UCN3",123.513218204941,-1.41339107514654,0.317896241103495,-4.44607671434025,8.74527293600091e-06,0.00019498087042076
"VLDLR-AS1",8.75170663772327,-1.00205474495769,0.225647312012634,-4.44080071692403,8.96247647479946e-06,0.000198531028043973
"SCGN",1201.7499964195,-1.50323134289151,0.338798432374477,-4.436948932603,9.12429288357225e-06,0.000201093275378496
"SYT7",1204.66745870848,-1.08299064191932,0.244100856028417,-4.43665237205578,9.13686668483735e-06,0.000201093275378496
"CADPS",504.901063729901,-1.05159663806344,0.237369239647306,-4.43021446092154,9.41394207118397e-06,0.000206131624149467
"UNC80",157.416919337953,-1.42858848168744,0.323061722072853,-4.42202955064197,9.77780795249025e-06,0.000212738761843063
"MAP3K15",38.5132012870882,-1.68225988783153,0.380820912914551,-4.41745668575979,9.98690754044848e-06,0.000216463060525442
"FAM83A",947.958662686907,1.40471982925981,0.31808810515284,4.41613441843368,1.00481614093703e-05,0.000217515382822563
"KRT14",220.522869780297,1.50102239812286,0.34045665071296,4.40885027500427,1.03920836323996e-05,0.000223880899352564
"CLEC4G",8.57222713311454,-1.35051720491986,0.306535355980465,-4.40574693447735,1.05419981461888e-05,0.000225356597075144
"RIMS2",45.7049297569847,-1.33073210855367,0.302745970101201,-4.39554028781568,1.10497566599653e-05,0.000233976141775674
"TMEM151A",94.878899056338,-1.10285573326756,0.250985797814684,-4.39409617145693,1.11234568058807e-05,0.00023485444005807
"KIAA1324",3395.81747234256,-1.2217284702892,0.278100955482248,-4.39311137270502,1.11739846685659e-05,0.00023534088496907
"DHRS2",192.515832917521,-1.16056588609811,0.265076252291597,-4.37823409703796,1.19644798918347e-05,0.000248023957854583
"COL28A1",47.6198676630159,-1.15003424688319,0.264141856030089,-4.35385085941164,1.33766728366459e-05,0.000272491663848757
"FAIM3",411.563309658944,-1.06960407224428,0.245859717423241,-4.35046490516778,1.358491974391e-05,0.000276264347713742
"FAM163A",35.7528907114956,-1.16461440590434,0.26775313137714,-4.34958276646237,1.36396797508628e-05,0.000276720659210929
"CCR7",245.393511036727,-1.16697046032891,0.268595339888539,-4.34471596124184,1.39455988797743e-05,0.000281592558512235
"FAM196B",6.33677328260054,1.02463984249756,0.236048821172889,4.34079627005247,1.41967307475569e-05,0.000285652903161478
"GKN2",15.5739965875454,2.73767637722858,0.630743145780204,4.34039814073951,1.42224785389911e-05,0.000285835093923879
"NCR3",17.4637103639048,-1.1122554260532,0.256282465481724,-4.33995913049509,1.42509218074669e-05,0.000286070966130429
"PCDHA8",9.02527728832015,-1.22137966137079,0.281956632942888,-4.33179971197267,1.47895450379706e-05,0.000295497525887014
"SULT4A1",56.2250230598998,-1.18088164650015,0.273629629222282,-4.3156205336991,1.59155178894988e-05,0.000311453043225015
"ARC",55.224577211845,-1.23669081701119,0.286596725147146,-4.31509053837318,1.59537503772503e-05,0.000311527541174221
"GRM4",81.6931987738049,-1.42383734932443,0.330756981847831,-4.30478395760511,1.67148772437567e-05,0.00032267062350039
"PTPRT",60.2450557094213,-1.12658075047593,0.261970324415827,-4.30041361741302,1.70479616173998e-05,0.000328091453475916
"SLC6A17",264.301282454277,-1.2053295544579,0.280931377712529,-4.29047678572698,1.78289923397293e-05,0.000339961955270807
"NTS",37.1858785054311,-1.57901116706288,0.369096933487308,-4.27803924607024,1.88546783854393e-05,0.000357133471232164
"AQP4",19.9915042282279,-1.10490088803305,0.258848998339897,-4.26851521589509,1.96778406896097e-05,0.000369129583941373
"KLRC3",5.27210626096011,-1.01221099630831,0.237136848151861,-4.26846778219845,1.9682024770103e-05,0.000369129583941373
"COL19A1",9.78213806196141,-1.54060415404912,0.362217375085901,-4.25325856796285,2.10682067762832e-05,0.000388740198955062
"KCNK3",427.376194664798,-1.13549967902725,0.267253664853827,-4.24877121759325,2.14946299114293e-05,0.00039448290243666
"B4GALNT4",103.732182535543,-1.00461086499531,0.236535023972868,-4.24719708786361,2.16461531269871e-05,0.000396413989297754
"C5orf38",13.0566866989791,-1.33230270613869,0.313897513644071,-4.24438757310258,2.19191226997736e-05,0.000400556177148584
"C2CD4A",229.127837784873,-1.02027812145348,0.240530959147343,-4.24177463504184,2.21759312063595e-05,0.000402879795823777
"CXCL9",609.640456090527,1.03968614754448,0.245520663987738,4.2346176922868,2.28940858637097e-05,0.000413082647254269
"KIF5C",289.085071864749,-1.08542310286777,0.257057446803419,-4.22249235089396,2.4161560114868e-05,0.000431406041550452
"STAB2",17.3999313786749,-1.28342130943126,0.304088762148259,-4.22054830426626,2.43708827158491e-05,0.000434690234107797
"PCSK2",1453.96053322724,-1.50410513321248,0.35660967246411,-4.21779118558222,2.4670712233334e-05,0.000437758140488475
"NPAS4",5.59156259355191,-1.11388356859704,0.264283680184551,-4.21472702294447,2.50080483061515e-05,0.000442424897492096
"TGM3",9.33746868241398,-1.30515442813365,0.310764331142349,-4.19982056285541,2.67126591561329e-05,0.000468648424928753
"NLRP6",11.5301630640344,-1.04243418010492,0.249009571867062,-4.18632172365422,2.8351141984773e-05,0.000490908035340258
"MYH16",22.8127965583074,1.29814432044198,0.310653074295575,4.17875896894182,2.93104115651107e-05,0.000505420118055782
"PRRT4",8.49114456008685,-1.16990552704074,0.281491166112876,-4.15610032526425,3.23725714029153e-05,0.000552657567429829
"CD19",88.5263313991685,-1.6058531968533,0.386558188876297,-4.1542340663418,3.26378950005186e-05,0.000556078284670527
"KRTAP5-5",3.39337967365034,-1.50152350845806,0.361698240767627,-4.15131548683068,3.30569712268485e-05,0.000561029958353246
"SH3GL3",3.14819341870046,-1.4737910536158,0.356582926771395,-4.13309483704093,3.57910954597756e-05,0.000596158489842157
"HS6ST3",55.6434366370291,-1.1915057393963,0.288742420599396,-4.12653512055092,3.6826978473622e-05,0.000610443709974666
"CD300LG",13.6713505691094,-1.48233779876769,0.361695903165239,-4.09829855908124,4.16198224727053e-05,0.000674863844886489
"KCNMB2",150.407740010285,-1.29738388954676,0.317001071976771,-4.09267981794658,4.26416333972176e-05,0.000688174070368102
"TNFRSF13C",18.7538386630983,-1.19921867488793,0.293417837610701,-4.08706806870761,4.36858976829323e-05,0.000702141813540804
"GABRG2",16.5191963620287,-1.44395629868811,0.353495634689459,-4.08479244717295,4.41162321654103e-05,0.000707305471318653
"CXCR5",106.761289024992,-1.30375212552829,0.319362054437113,-4.08236391084784,4.45799176214778e-05,0.000713403672366883
"CHST8",29.1198136898313,-1.02531839191927,0.252071308166729,-4.06757278079853,4.75053735612577e-05,0.000745979345903351
"CCDC135",20.658444141533,-1.09994329587677,0.270775251038605,-4.06220026260801,4.86123452889115e-05,0.000757405994888109
"IL1R2",547.227312618537,1.02450128525664,0.252228084412006,4.0618049637294,4.86947525494246e-05,0.000758000225367088
"XKR4",6.30110404891246,-1.18828453815534,0.292754747898501,-4.05897614534101,4.9288347826361e-05,0.000766543487584722
"MMP1",6205.84702223756,1.23752177535956,0.305236627032918,4.0543030087477,5.02840034455811e-05,0.000774292258092343
"ZBBX",3.30178736113105,-1.55582927984708,0.3853320021123,-4.03763318727328,5.39931912756635e-05,0.000818888763696356
"TNMD",4.36927121991749,-1.9412547794009,0.481319954444576,-4.03318990096936,5.50247774529078e-05,0.000830854730446333
"SLC7A14",87.5917877336094,-1.30584909717426,0.323878696944493,-4.03190796274588,5.53258550340314e-05,0.000834664859689621
"CFC1B",844.571077673163,-1.58252301029021,0.393595783166367,-4.02068080495999,5.80301905354082e-05,0.000865739066800005
"TPH1",4.70542276615486,-1.24027563530192,0.30874547910175,-4.01714589930296,5.89072558273213e-05,0.000877103427418455
"CDH10",24.9639690517898,-1.29556551147523,0.32257595872382,-4.01631143436966,5.911612341407e-05,0.000879448637027906
"BPIL1",3.24945503886297,-3.34468413609827,0.835035966666446,-4.00543721422038,6.19028752490365e-05,0.000909839427372749
"DPY19L2P1",4.46122139100153,-1.34563777044783,0.337869220345149,-3.98271783701752,6.81316274654553e-05,0.00098531913605658
"ZNF80",8.22362433906952,-1.02098867061962,0.25657232458909,-3.97934060992265,6.91066732315614e-05,0.000996985979642951
"KISS1R",5.21818116016674,-1.07919887218851,0.272025194211663,-3.96727544048284,7.26989565591594e-05,0.00104014219485304
"SPINK2",3.87193756051843,-1.14878740015019,0.289775902436182,-3.96439935305934,7.35809829610073e-05,0.00104639672838359
"KIAA0125",63.0570580973426,-1.30733212356041,0.331582359629288,-3.94270710004604,8.05670265883509e-05,0.00112800424879177
"ELANE",5.07404256321021,-1.17333589235451,0.298984801103976,-3.9243997956487,8.694623993854e-05,0.00119801163483453
"DDX25",16.3055707538118,-1.29276633667422,0.330245586981041,-3.91456051992129,9.05690196598724e-05,0.00123368584558111
"PRKCG",72.1487864990422,-1.26731583017299,0.324229539761978,-3.90869946983656,9.27943126099533e-05,0.00125904676293204
"FIGF",14.9379286624644,-1.01339574103329,0.259364950335495,-3.90721930516224,9.33644062163102e-05,0.00126577888174337
"RGS20",11.316140604851,1.07793520363183,0.276498822827805,3.89851642986246,9.67838349850828e-05,0.00130285346418992
"TAGLN3",71.2214177748313,-1.16156621767539,0.298004927733602,-3.8978087594369,9.70670218274229e-05,0.00130468515413607
"TPRXL",20.0949639421188,1.10235248134167,0.282814337501669,3.8977956035739,9.70722937785058e-05,0.00130468515413607
"PLD5",5.12446056111939,-1.1609726416439,0.297982200357301,-3.89611406403408,9.77483675198062e-05,0.00131104168019569
"PLIN1",169.552867964405,-1.41263485262639,0.362787068226784,-3.89384015127941,9.86696815566441e-05,0.00132097025589868
"CPS1",229.064837323309,-1.08703461563968,0.279184419453615,-3.89360773701875,9.87643085017273e-05,0.00132110512019054
"ATRNL1",79.0722642299361,-1.09964363470277,0.282755789396781,-3.88902252735019,0.000100648776251155,0.00133986158065855
"UNC5D",7.62518978777932,-1.31536510935722,0.338215256024147,-3.88913594501873,0.000100601756278216,0.00133986158065855
"LOC440905",36.7104721423537,-1.0909300015044,0.280577327750402,-3.88816163533668,0.00010100635630059,0.00134137461520159
"ANGPTL3",4.08481676223718,-1.12461262790429,0.29037082629767,-3.8730221015778,0.000107494075365706,0.0014147740603282
"VGLL1",151.798410054445,1.05699094332814,0.277633884887681,3.8071395491071,0.000140583425313754,0.00175580597494341
"ANGPTL5",2.60798323279327,-1.18916971621538,0.312672744816226,-3.8032407235057,0.000142815456143439,0.00177512945532031
"CLEC17A",19.3211444928554,-1.32010310720561,0.34783133060475,-3.79523921813034,0.000147501165348323,0.00181964153765082
"TCL6",15.8240997339798,-1.20402560171412,0.317572758107353,-3.79133779890246,0.000149837992181502,0.00184012522487308
"SCRT1",12.1948191741104,-1.14993172361981,0.304821809541694,-3.77247194139014,0.000161638148515014,0.00195555811795552
"FABP4",401.361516827653,-1.22559688296281,0.325194430751331,-3.76881264581064,0.00016402594343417,0.00197230681936176
"FCRL2",34.2849097051022,-1.25316823942056,0.333613283031964,-3.75634995115136,0.000172409563519341,0.00205154201260714
"GUCY2C",82.4973095435653,-1.34090547634806,0.357252213298127,-3.75338605734284,0.000174461852479097,0.0020673427681658
"C4orf7",315.778143082729,-1.47241642565608,0.392430356740229,-3.75204517277124,0.000175397849661211,0.00207412802468848
"C10orf99",2.93321008860785,2.15384640548376,0.574355792270135,3.75002121415143,0.000176819610960251,0.00208231237859173
"SAA1",696.631293516883,-1.01763857684152,0.271969760920322,-3.741734277362,0.000182754697240445,0.00213003412442453
"RXRG",53.459459886585,-1.23276376749767,0.329633654459646,-3.73979947380823,0.000184167115542333,0.00213362213763963
"TLR10",57.1090747569651,-1.0063419637676,0.26907134941824,-3.74005618191388,0.000183979128404084,0.00213362213763963
"NRXN1",125.805344945935,-1.00362104649585,0.268613283644822,-3.73630459699417,0.000186744440821447,0.00215764174101594
"C6orf15",83.5394281146099,1.58858213896922,0.425308985730644,3.73512479695245,0.000187622121447715,0.00216486090670433
"UGT2B7",172.585929563722,1.06550656212109,0.286059405849012,3.72477373697505,0.000195490482058576,0.00223307773468245
"FAM92B",4.14059750653392,-1.12117675593054,0.301030635499739,-3.72446064856249,0.00019573323955343,0.00223436017391558
"NR0B1",32.8873139493847,-1.24111870691098,0.333696510090275,-3.71930382662744,0.000199772634671865,0.00226987844955961
"TMEM213",10.7817561443408,1.21419915453072,0.330898666138886,3.66939875793,0.000243121597500287,0.0026498861323981
"XKR7",6.12452103631344,-1.41564048600338,0.386486861639843,-3.66284245730086,0.000249431956496719,0.00268786871686175
"C14orf180",9.56384595664206,-1.42524897478321,0.389238636972975,-3.66163283754938,0.0002506128583691,0.00269043509332545
"UPK3B",145.778028025931,1.18704420403042,0.325755541206668,3.64397240836904,0.000268462212369347,0.00284108681236114
"KCNA1",6.26583421557188,-1.02531371950652,0.281460744676799,-3.64283026638008,0.000269656659442478,0.00284844600841058
"KCNK16",339.768689529083,-1.37366326544386,0.377414395500679,-3.63966844354612,0.000272989314522462,0.00288009613836607
"BEND4",11.8778701361248,-1.09971994514644,0.302391574924183,-3.63674135240759,0.000276108930778129,0.0029094235210547
"LRRC7",6.43918773881908,-1.10000270617031,0.302871481955175,-3.63191245035449,0.000281328573202304,0.00294990150578264
"F2",5.93823806267772,-1.58106533861583,0.435607953719251,-3.62956030787909,0.000283904398564563,0.00297326912331561
"HAS1",94.1466814102715,-1.17295644308324,0.323525345852234,-3.62554729674557,0.000288350113322814,0.00301798226798688
"LINC00643",161.082870982302,-1.29207911941163,0.356525339988204,-3.62408775615886,0.000289983140854389,0.00303136832774707
"WIF1",8.0926124858618,1.49272478298618,0.412099327315783,3.62224513373772,0.00029205715905196,0.00304932605758946
"CARTPT",33.7462149480551,-1.40521308168018,0.388031579885486,-3.62138845012274,0.00029302614928534,0.00305571665908214
"VWA5B1",29.6329611670505,-1.18876333385674,0.331175626053885,-3.5895254370662,0.000331280505078412,0.0033525508797031
"SERPINA6",509.51397950078,-1.10108612559826,0.308180749011088,-3.57285823054005,0.000353105948631932,0.00351934409687111
"HCN1",7.78355296528579,-1.02306993195874,0.286485738354599,-3.57110248431434,0.000355481756574937,0.00353567658007239
"OTC",30.6569535458455,-1.42726655846887,0.399990344812572,-3.5682525265395,0.000359370061583788,0.00355898991584685
"LY6D",879.718541831945,1.49874106574436,0.421071338616095,3.55935189193871,0.000371771122576681,0.0036459547147082
"CSF3",12.3174261466768,-1.32781227806583,0.374968557749397,-3.5411296510713,0.000398417749506864,0.00383911487045922
"GPR148",2.97891511316722,-1.48820465257603,0.421119732755539,-3.53392286521026,0.000409440549924613,0.00392984895535827
"XPNPEP2",38.3141963779131,-1.06556944001923,0.301617087281555,-3.53285501701213,0.000411097852558284,0.00394133736246109
"ZBED2",122.69570880504,1.00631559323013,0.285872352022951,3.52015711246303,0.000431291240614671,0.00408462384571074
"SLITRK1",10.0442595234101,-1.20158006610008,0.341886553159189,-3.51455784088881,0.000440486733731738,0.00415109193215042
"IGFL1",47.5409406801256,1.62456621327438,0.464005942986292,3.5011754436136,0.000463210794310676,0.00431062958205527
"GC",1830.45592720106,-1.13577631572943,0.324619833180861,-3.49878904378782,0.00046737620395139,0.00433525608898139
"SLC7A10",5.34773297465219,-1.73295579464366,0.495355900402232,-3.49840547621719,0.000468048963781472,0.00433914586184631
"ITIH1",10.3993337848196,-1.00561344474741,0.287559117458878,-3.49706680711044,0.000470404012991691,0.0043549286282399
"KRT6C",147.18280357297,1.20833989922585,0.346394362620619,3.48833592465029,0.000486037020245907,0.00446960896759972
"PAX7",6.93045200323512,2.64960673526656,0.759666936376371,3.48785317405711,0.000486915385392977,0.00447288205154718
"SNTG1",2.55484955382733,-1.68548096486236,0.483373703388366,-3.48691075465511,0.000488634385825995,0.0044838620517141
"FCRL3",52.3265837439034,-1.08384446299176,0.313171646311888,-3.46086395673368,0.000538444841969594,0.00479947476785286
"HMGA2",270.682185398711,1.00025943406265,0.289977311501119,3.44944033339931,0.000561749859020814,0.0049658455529238
"MUC16",1653.1515456139,1.26754185171705,0.368987011135792,3.43519368829645,0.000592130449208438,0.00517663173250314
"TMEM132D",58.1307938979023,-1.09271960448298,0.318192560344739,-3.43414567361065,0.000594424649006382,0.00519302717598789
"CGB7",53.7427892358877,1.13367051500461,0.330288962916051,3.43235966771541,0.00059835345355302,0.00522202150111537
"C9orf4",7.06355861371412,-1.31717516956378,0.383900086684607,-3.43103639527414,0.00060127992324632,0.00524488850012569
"FCRL1",42.4258060194405,-1.4542891106607,0.424274101609866,-3.42771124879539,0.000608692515462784,0.00528799692656989
"TNNT3",14.3545676351429,-1.20777502557183,0.353354548492753,-3.41802597624296,0.00063077086520089,0.00541659454605559
"ITGAD",6.579216966967,-1.00432042479803,0.294448908364551,-3.41084784581577,0.000647612196507379,0.00552519364264866
"SPRR1B",241.794323806024,1.34525116345502,0.394500220393075,3.41001371840713,0.000649596119223644,0.00553433317931816
"DSG3",384.704259821808,1.2231216631792,0.359145210356876,3.40564659616039,0.000660075645101583,0.00560916886901956
"CNR2",18.5932779899362,-1.34717176834593,0.395911768389128,-3.40270705724979,0.000667217771455859,0.00565302815469504
"CHRNA2",1.82636193495226,-1.33082080665183,0.392370576583434,-3.39174465690051,0.000694491289958705,0.00583577765594968
"TNFRSF13B",20.0276247891436,-1.15252399643229,0.342089176905564,-3.369074715715,0.000754209812943176,0.00622036005548631
"FFAR1",24.2879712033683,-1.18299702698512,0.352499579417905,-3.35602393891831,0.000790717240573928,0.00644735776683208
"DUSP27",39.634870669531,-1.43688216945858,0.429582716029944,-3.3448323590338,0.00082332318442562,0.00665252446766986
"ELF5",35.7771469519722,1.27868749583502,0.383924749261136,3.33056803005239,0.000866689827041298,0.0069401994394007
"SLCO1B3",101.05511864733,1.3291072371053,0.399767638011452,3.32469942718881,0.000885139042702747,0.00705597571145211
"CHGB",5823.54914313977,-1.04758467709317,0.31736534094439,-3.30087927678508,0.000963823445978608,0.00753930966902316
"GHRHR",3.83382435673683,-1.55029943380508,0.469775723148124,-3.30008418361002,0.000966558300905793,0.0075538009066225
"TTC24",3.12960188959081,-1.02618853013969,0.311771267179065,-3.29147884416912,0.000996621125282869,0.0077252800037205
"LMO1",23.9097845638188,-1.03838063612075,0.318140965907511,-3.2639010608355,0.00109889532434819,0.00828915622855248
"PADI3",42.5176842306258,1.169589744091,0.358439751610533,3.26300232838525,0.00110238614157984,0.00830305748860145
"KRT13",328.796192404739,1.23362685170334,0.378689381390609,3.2576219781322,0.00112349961416395,0.00841135368120353
"APOH",171.010809446445,-1.00420808199957,0.308439243259294,-3.25577274599706,0.00113084224300963,0.00845194750198775
"PLA2G2A",1170.21096746654,-1.247702636507,0.384239333016942,-3.24720175498532,0.0011654574093237,0.00863527789694927
"SHD",3.88722826214152,-1.05711761264024,0.326758521733298,-3.23516463176765,0.00121572610543576,0.00891897090975856
"C9orf135",5.8994966223809,-1.10639958143505,0.34250220049302,-3.23034298711781,0.00123641794851095,0.00903593023147803
"PRLHR",3.91136620268418,-1.10089000457947,0.340926527488988,-3.22911218639338,0.00124175172398945,0.00906717047755706
"IL1F5",2.66320108174133,1.46266049924458,0.454999643111138,3.21464098134975,0.00130607761630826,0.00942037364113155
"PLIN4",542.040626388911,-1.01831619327966,0.317069515731463,-3.21164963125028,0.00131975222655687,0.00948703500223902
"KRT4",83.1260562584443,1.19419946614677,0.373501729402284,3.19730639014136,0.00138717497961543,0.00985176158272708
"AMY1A",101.1338358992,1.33924816111461,0.41894466819539,3.19671847569618,0.00139000517561751,0.00986776891463461
"BCORL2",3.65456811332656,-1.40788288258576,0.440785183053521,-3.19403404813364,0.0014029956905573,0.00993226169208067
"SLCO1B7",2.64249709917876,1.59173075849456,0.499322450899984,3.18778127365513,0.00143368941799257,0.0100941874606442
"RPTN",2.8268427805305,1.5552025657848,0.488219771022859,3.18545593212362,0.00144526113407854,0.0101631237777523
"SSTR3",32.5410908753626,-1.01465304298076,0.321180882210849,-3.15913274786591,0.00158239395720892,0.0108772909390961
"DEFA6",3.78900772287143,-3.04443349331926,0.965605324425033,-3.15287562766088,0.00161670671989599,0.0110463148740245
"PMP2",21.6464741310729,-1.00857445071545,0.323477141174778,-3.11791568038653,0.00182134903458175,0.0121040851116215
"HEPACAM",4.25533762482821,-1.26664176265876,0.4114443277984,-3.07852527567081,0.00208027882100067,0.0132907072309245
"FAM83A-AS1",18.5660081290126,1.02144162508034,0.331913442756725,3.07743373271268,0.00208791255940164,0.0133152054952083
"CHGA",4724.20990701388,-1.00541035835479,0.32750097419699,-3.06994616067932,0.00214097361799041,0.0135326287415466
"GLTPD2",4.01053930433051,-1.30195019928565,0.429920341564897,-3.02835216995454,0.00245891349708924,0.0150264010744679
"CWH43",2.68036688221791,1.30688626372267,0.431686700539618,3.02739524309883,0.00246671195745635,0.0150424326467193
"ORM2",9.14295621801674,1.30401880944981,0.431228165518692,3.02396483745745,0.00249485433642773,0.0151326216091576
"MRAP",4.38283683385216,-2.09753623382657,0.694481288240026,-3.0202919349234,0.00252531148519733,0.0152579070434135
"TMEM196",20.5719424964482,-1.02435767643678,0.341333017494558,-3.00105065708478,0.00269049802038669,0.0160018748187153
"TUSC5",41.594123029386,-1.43448456812496,0.478498904627866,-2.99788474801333,0.00271860461569829,0.0161522091723115
"S100A2",1977.72666722116,1.09075752184497,0.367392744790783,2.96891415878698,0.00298854069609448,0.0173761569912482
"CRCT1",21.8288009511378,1.13601027423617,0.383911217958259,2.95904422975127,0.00308594806435887,0.0178266245498785
"UGT1A1",81.4462529707922,1.09453279443154,0.370387143500207,2.95510471580644,0.00312562942479018,0.0179863104203662
"FAM183A",2.95111201436737,-1.25950156932221,0.428938411347062,-2.93632264214063,0.00332128681360833,0.0188001302841043
"AGTR2",3.03227260262239,-1.28078008649815,0.438844818208261,-2.91852616997368,0.00351690353378065,0.019673289516147
"TNNT1",186.833923444985,1.00764814710751,0.34565234023881,2.91520707312823,0.00355452612273771,0.0198061017896641
"TCL1A",104.513382802876,-1.3478884769049,0.463543881558557,-2.90779046068507,0.00363992141184258,0.0201312578601358
"SLURP1",2.51778508061666,1.52133756778558,0.523852612999602,2.90413282292196,0.00368271888504366,0.0203033358895909
"CASP14",4.67442162775251,2.43665966284827,0.844481290397338,2.88539212242559,0.00390926413054675,0.0212502633991594
"TM4SF20",299.77649632884,1.31651439770462,0.458550640191171,2.87103382334339,0.00409131745674454,0.02196101216672
"CMA1",7.87572713649467,-1.16161776197569,0.405112985711695,-2.86739206825222,0.00413869944643314,0.0221528448331587
"SBK2",2.47869059906351,-1.08954425536653,0.381161529807294,-2.85848431744247,0.00425670149037895,0.0225407822453789
"CLCA2",20.9062537471239,-1.10497405311737,0.389198239614854,-2.83910341991997,0.00452404916164515,0.0235600041955139
"TTR",20112.9175882904,-1.11206257823599,0.392692541902615,-2.8318912624314,0.00462735818676443,0.0239017358165814
"GLYAT",1.43189377142764,-1.64213872007017,0.580064867771257,-2.83095703826995,0.0046408954206414,0.0239499856201455
"SPINK4",162.809292263045,-1.3319308894269,0.470945137561618,-2.82820817796983,0.00468093560879842,0.024098514861532
"C1orf158",2.34840665248291,-1.14006630172005,0.403477693758781,-2.82559933140104,0.00471922533772037,0.0242373411691019
"CGB5",223.381713065557,1.18204446189831,0.420658808110013,2.80998386128924,0.00495439842664419,0.0250766078212913
"REG3A",24197.2185028216,1.4028582736127,0.50242810406089,2.79215725050819,0.00523579044245892,0.0260670122264814
"KRT6A",1945.54057368569,1.10457731079327,0.396014608697078,2.78923374677371,0.00528329180836928,0.0262219726477412
"UGT2B11",3.24021552916179,-1.24768580061505,0.447597883818338,-2.78751496761194,0.00531140006129093,0.0263021650457415
"KLK5",29.5534096641114,1.38707445849532,0.498088169000573,2.78479703960551,0.00535612374496075,0.0264913075924214
"MS4A1",361.572803937729,-1.11649913706888,0.401132720542763,-2.78336590333038,0.00537980960883841,0.0265854198938355
"DEFA5",5.36427816807456,-2.61160462548004,0.94095549160655,-2.77548157035684,0.00551200232294701,0.0270823574679545
"MEP1B",8.01164234809217,-1.24315127269146,0.452631902962033,-2.74649503173827,0.00602357983367095,0.028834709950223
"HAO1",3.73701841146711,-1.22879209640542,0.447656533869802,-2.74494395464985,0.0060521232526105,0.0289228318321099
"CGB8",39.6086840004193,1.05873554439822,0.386113858803305,2.74202937879411,0.00610608799941371,0.0290995114984584
"PIP",9.37725896557555,-1.2206143013279,0.445652252144991,-2.73893892705109,0.00616378222524621,0.0293092038441796
"CEACAM8",2.57519391764114,-1.28797432473105,0.48061367535525,-2.67985367619644,0.00736543487662152,0.0333381817056279
"GLB1L3",2.29759233691165,-1.03210030261381,0.386387808289597,-2.67115131603803,0.00755915623441931,0.0340261388543538
"CPB1",60394.5988443138,1.56438321577649,0.590499720792664,2.6492530998601,0.0080669892185276,0.0356743430756323
"GJD2",72.5379900388812,-1.00416210428823,0.38247956109694,-2.62540069176067,0.00865470513762042,0.0374986123662638
"LCT",5.73124728318746,1.21438151212265,0.47099370420546,2.57833916096872,0.00992765041018215,0.0411800285788636
"REG3G",2792.82591035988,1.46664802447578,0.571118652857433,2.56802683144354,0.0102279238989505,0.0420385839946541
"UGT2B4",6.33646995696181,-1.21551562663639,0.477662269714851,-2.54471768800583,0.0109366118919135,0.0441356600106609
"STON1-GTF2A1L",9.47910144814676,1.00873529092612,0.397122314624017,2.5401123376337,0.01108168683505,0.0445845215405452
"KLK2",9.90325161189371,-1.30360903241575,0.513746649695357,-2.53745505335902,0.0111661705551364,0.0448086098935086
